page,line_id,line
1,1,(SE Pa
1,2,NSc RS
1,3,a Deere
1,4,ro 1200 Sept Ond3 28 os a 5
1,5,ero cen rs
1,6,
1,7,rei eect panei as :
1,8,a Sei cam pean ete :
1,9,ng eer aoe a et o
1,10,se er an a er) oy py
1,11,AJOMDHTES 4 ACCESSORIES
1,12,pavers
1,13,oo errerrercs —— 140 rr st%0 cory
1,14,pea ponmenmmconiren eae ot re) a a
1,15,race porenotenmennnt eT a pn ar) a pe
1,16,i a ‘comm ao am a ae
1,17,ie ener ewan a 20 aot a os
1,18,ee poeanenntontn — cd co wm
1,19,a peruecrer sree er ee) _ oy
1,20,srz0 Sener poo or be com
1,21,en cee a wore ‘009
1,22,ye eanenneeinn er aa re wears os
1,23,ra peSeeeessemeiabeneisidtyyr Oren? oe es) ee aime
1,24,CONAERCTA ho SERVICES
1,25,oo GA Denne at ti) Pe Or 2 eons ra 5
1,26,ese ner ‘samc oa ea ot oa
1,27,30 oa an oat a a a es
1,28,i Pereaenninnireey paeee om
1,29,ps0 cearnnenenienetey ena a :
1,30,ey eanreneneenser se rr ms — a vy se a =
1,31,be poraneesetionberiaiesiverary era ng a - = _ ey
1,32,ea Paneorry Soon PO ar) ar a
1,33,bes perainiorsntianees ponte fe 28 3 a 240
1,34,roa Peereeeriee err es py | a as
1,35,Pe Se eenseanetrn — ae eeu a a
1,36,see Peano cand os os os a red
1,37,fe Paaesenaian anes ee a 22 28 ce es
1,38,CONSTRUCTION 6 A2EO
1,39,a errr) ar ry ;
1,40,seca Pane sch no mm x0 om
1,41,sas nee enna re a 10
1,42,ia pereyrunranes pans ie om om 103 Po
1,43,a pecaroreniepeieestret paeell m0
1,44,Euraey 4PETOOLEV
1,45,a DIE Refer Peon 250 — rm co 2 7 360
1,46,te eee omen 139 a ur ve pores
1,47,bse renee ee panes an °
1,48,ie eee pane tea
1,49,eed Ee veel ean PT er) a Ped
1,50,ts pene vets o30 a os ow ey
1,51,Deveance
1,52,oy err pm on on eo: rm ea
1,53,ase we smapanterer teams bo et oe om ae
1,54,Sener ed Pn ce oy
1,55,Bs ane Tn a 200 2 2 ed
1,56,re pemrenpaniniierrs on an Bn a Pa 1%
1,57,300 pcarsey panei Pr rd 0 Bs
1,58,IBVESTAENT
1,59,haso emer os rm 7 950 7 50
1,60,es» eerenirerea pone 4 os os on 9
1,61,ar aeneren a emit rey s
1,62,ast pea sanaierenainrerte a oy an Pr os od
1,63,i Eanes sentnet i ‘0 10 ‘00 ae
1,64,AvesTAENT snes
1,65,ean ree TT prec 738 om a 74 rs
2,1,aa rs
2,2,c
2,3,ta = a
2,4,Rear a z
2,5,2 sO
2,6,Daw 6.8 ptt eo 129.8 ee
2,7,eer
2,8,aspen ever |
2,9,rr a
2,10,Cee ee ete ee Ee ana nee ee Seater [say | roves |
2,11,Cnn Lee ener etenenrt etn Sect Meccan [tassel snnsea|
2,12,Ce een cnet een eer ae ore ee tec rs
2,13,Cee eee ont een ce eke ee ce ae cP
2,14,Cee cee ene cee ee ce a es a
2,15,Ces eer teen ne en ee ec eer ee rT
2,16,Ce ere ee Pere tn ere eee tee ey rs
2,17,ee ec een en Cen ene et ence et Sr aL er
2,18,(ee nt cn eta De ose Cee ere een ee a
2,19,Ce ee OS Ce Ran a cle ree ean rs
2,20,re
2,21,| rs |
2,22,Ses Ed i c
